date,threshold_db,method_id,method_family,stage,model,variant,calibration_mode,score_threshold,stage08_true_tracks,stage08_false_tracks,kept_true_tracks,kept_false_tracks,true_track_retention,false_track_reduction,false_track_retention,precision_before,precision_after,delta_precision,track_reduction_total,notes
2022-06-06,-5,kalman_only,kalman_only,08,,,,,25501,6125,25501,6125,1,0,1,0.80633,0.80633,0,0,kept = all confirmed tracks (no scoring filter)
2022-06-06,0,kalman_only,kalman_only,08,,,,,30578,1580,30578,1580,1,0,1,0.950868,0.950868,0,0,kept = all confirmed tracks (no scoring filter)
2022-06-06,3,kalman_only,kalman_only,08,,,,,33174,652,33174,652,1,0,1,0.980725,0.980725,0,0,kept = all confirmed tracks (no scoring filter)
2022-06-06,6,kalman_only,kalman_only,08,,,,,31620,307,31620,307,1,0,1,0.990384,0.990384,0,0,kept = all confirmed tracks (no scoring filter)
2022-06-06,9,kalman_only,kalman_only,08,,,,,27601,166,27601,166,1,0,1,0.994022,0.994022,0,0,kept = all confirmed tracks (no scoring filter)
2022-06-06,12,kalman_only,kalman_only,08,,,,,22766,124,22766,124,1,0,1,0.994583,0.994583,0,0,kept = all confirmed tracks (no scoring filter)
2022-06-06,-5,stage09_hand_physics,hand_physics,09,,,,0.1,25488,6138,25488,6129,1,0.00146628,0.998534,0.805919,0.806149,0.000229411,0.000284576,
2022-06-06,-5,stage09_hand_physics,hand_physics,09,,,,0.2,25488,6138,25488,5985,1,0.0249267,0.975073,0.805919,0.809837,0.00391782,0.00483779,
2022-06-06,-5,stage09_hand_physics,hand_physics,09,,,,0.3,25488,6138,25486,4375,0.999922,0.287227,0.712773,0.805919,0.853488,0.0475686,0.0558085,
2022-06-06,-5,stage09_hand_physics,hand_physics,09,,,,0.4,25488,6138,25450,2781,0.998509,0.546921,0.453079,0.805919,0.901491,0.0955721,0.107348,
2022-06-06,-5,stage09_hand_physics,hand_physics,09,,,,0.5,25488,6138,24812,1302,0.973478,0.787879,0.212121,0.805919,0.950142,0.144223,0.174287,
2022-06-06,-5,stage09_hand_physics,hand_physics,09,,,,0.6,25488,6138,23397,502,0.917961,0.918214,0.0817856,0.805919,0.978995,0.173076,0.244324,
2022-06-06,-5,stage09_hand_physics,hand_physics,09,,,,0.7,25488,6138,21296,141,0.83553,0.977028,0.0229717,0.805919,0.993423,0.187503,0.322172,
2022-06-06,-5,stage09_hand_physics,hand_physics,09,,,,0.8,25488,6138,18943,14,0.743212,0.997719,0.00228087,0.805919,0.999261,0.193342,0.400588,
2022-06-06,-5,stage09_hand_physics,hand_physics,09,,,,0.9,25488,6138,16812,0,0.659605,1,0,0.805919,1,0.194081,0.468412,
2022-06-06,0,stage09_hand_physics,hand_physics,09,,,,0.1,30554,1604,30554,1604,1,0,1,0.950121,0.950121,0,0,
2022-06-06,0,stage09_hand_physics,hand_physics,09,,,,0.2,30554,1604,30554,1593,1,0.00685786,0.993142,0.950121,0.950446,0.000325111,0.000342061,
2022-06-06,0,stage09_hand_physics,hand_physics,09,,,,0.3,30554,1604,30550,1353,0.999869,0.156484,0.843516,0.950121,0.95759,0.00746892,0.0079296,
2022-06-06,0,stage09_hand_physics,hand_physics,09,,,,0.4,30554,1604,30527,995,0.999116,0.379676,0.620324,0.950121,0.968435,0.0183135,0.0197773,
2022-06-06,0,stage09_hand_physics,hand_physics,09,,,,0.5,30554,1604,30108,583,0.985403,0.636534,0.363466,0.950121,0.981004,0.0308829,0.0456185,
2022-06-06,0,stage09_hand_physics,hand_physics,09,,,,0.6,30554,1604,28494,256,0.932578,0.840399,0.159601,0.950121,0.991096,0.0409744,0.105977,
2022-06-06,0,stage09_hand_physics,hand_physics,09,,,,0.7,30554,1604,25447,100,0.832853,0.937656,0.0623441,0.950121,0.996086,0.0459644,0.205579,
2022-06-06,0,stage09_hand_physics,hand_physics,09,,,,0.8,30554,1604,19901,19,0.651339,0.988155,0.0118454,0.950121,0.999046,0.0489249,0.380558,
2022-06-06,0,stage09_hand_physics,hand_physics,09,,,,0.9,30554,1604,15078,0,0.493487,1,0,0.950121,1,0.0498787,0.531128,
2022-06-06,3,stage09_hand_physics,hand_physics,09,,,,0.1,33167,659,33167,659,1,0,1,0.980518,0.980518,0,0,
2022-06-06,3,stage09_hand_physics,hand_physics,09,,,,0.2,33167,659,33167,658,1,0.00151745,0.998483,0.980518,0.980547,2.8988e-05,2.95631e-05,
2022-06-06,3,stage09_hand_physics,hand_physics,09,,,,0.3,33167,659,33162,582,0.999849,0.116844,0.883156,0.980518,0.982752,0.00223454,0.00242417,
2022-06-06,3,stage09_hand_physics,hand_physics,09,,,,0.4,33167,659,33106,464,0.998161,0.295903,0.704097,0.980518,0.986178,0.00566019,0.00756814,
2022-06-06,3,stage09_hand_physics,hand_physics,09,,,,0.5,33167,659,32648,295,0.984352,0.552352,0.447648,0.980518,0.991045,0.0105272,0.0261042,
2022-06-06,3,stage09_hand_physics,hand_physics,09,,,,0.6,33167,659,30758,154,0.927368,0.766313,0.233687,0.980518,0.995018,0.0145002,0.0861468,
2022-06-06,3,stage09_hand_physics,hand_physics,09,,,,0.7,33167,659,27174,64,0.819308,0.902883,0.0971168,0.980518,0.99765,0.0171324,0.194761,
2022-06-06,3,stage09_hand_physics,hand_physics,09,,,,0.8,33167,659,19834,14,0.598004,0.978756,0.0212443,0.980518,0.999295,0.0187767,0.413232,
2022-06-06,3,stage09_hand_physics,hand_physics,09,,,,0.9,33167,659,13116,0,0.395453,1,0,0.980518,1,0.0194821,0.612251,
2022-06-06,6,stage09_hand_physics,hand_physics,09,,,,0.1,31653,274,31653,274,1,0,1,0.991418,0.991418,0,0,
2022-06-06,6,stage09_hand_physics,hand_physics,09,,,,0.2,31653,274,31653,272,1,0.00729927,0.992701,0.991418,0.99148,6.21092e-05,6.26429e-05,
2022-06-06,6,stage09_hand_physics,hand_physics,09,,,,0.3,31653,274,31645,254,0.999747,0.0729927,0.927007,0.991418,0.992037,0.000619446,0.000877001,
2022-06-06,6,stage09_hand_physics,hand_physics,09,,,,0.4,31653,274,31552,212,0.996809,0.226277,0.773723,0.991418,0.993326,0.00190786,0.0051054,
2022-06-06,6,stage09_hand_physics,hand_physics,09,,,,0.5,31653,274,31078,143,0.981834,0.478102,0.521898,0.991418,0.99542,0.00400183,0.0221129,
2022-06-06,6,stage09_hand_physics,hand_physics,09,,,,0.6,31653,274,29269,74,0.924683,0.729927,0.270073,0.991418,0.997478,0.00606018,0.0809346,
2022-06-06,6,stage09_hand_physics,hand_physics,09,,,,0.7,31653,274,25846,37,0.816542,0.864964,0.135036,0.991418,0.99857,0.00715257,0.189307,
2022-06-06,6,stage09_hand_physics,hand_physics,09,,,,0.8,31653,274,18461,9,0.583231,0.967153,0.0328467,0.991418,0.999513,0.0080948,0.421493,
2022-06-06,6,stage09_hand_physics,hand_physics,09,,,,0.9,31653,274,11186,0,0.353395,1,0,0.991418,1,0.00858208,0.649638,
2022-06-06,9,stage09_hand_physics,hand_physics,09,,,,0.1,27663,104,27663,104,1,0,1,0.996255,0.996255,0,0,
2022-06-06,9,stage09_hand_physics,hand_physics,09,,,,0.2,27663,104,27662,104,0.999964,0,1,0.996255,0.996254,-1.34894e-07,3.6014e-05,
2022-06-06,9,stage09_hand_physics,hand_physics,09,,,,0.3,27663,104,27643,97,0.999277,0.0673077,0.932692,0.996255,0.996503,0.000248698,0.000972377,
2022-06-06,9,stage09_hand_physics,hand_physics,09,,,,0.4,27663,104,27529,79,0.995156,0.240385,0.759615,0.996255,0.997139,0.000883964,0.00572622,
2022-06-06,9,stage09_hand_physics,hand_physics,09,,,,0.5,27663,104,27009,60,0.976358,0.423077,0.576923,0.996255,0.997783,0.0015289,0.0251378,
2022-06-06,9,stage09_hand_physics,hand_physics,09,,,,0.6,27663,104,25483,30,0.921194,0.711538,0.288462,0.996255,0.998824,0.00256958,0.0811755,
2022-06-06,9,stage09_hand_physics,hand_physics,09,,,,0.7,27663,104,22641,14,0.818458,0.865385,0.134615,0.996255,0.999382,0.00312749,0.184103,
2022-06-06,9,stage09_hand_physics,hand_physics,09,,,,0.8,27663,104,15907,4,0.575028,0.961538,0.0384615,0.996255,0.999749,0.00349405,0.426982,
2022-06-06,9,stage09_hand_physics,hand_physics,09,,,,0.9,27663,104,9481,0,0.342732,1,0,0.996255,1,0.00374545,0.658552,
2022-06-06,12,stage09_hand_physics,hand_physics,09,,,,0.1,22841,49,22841,49,1,0,1,0.997859,0.997859,0,0,
2022-06-06,12,stage09_hand_physics,hand_physics,09,,,,0.2,22841,49,22841,49,1,0,1,0.997859,0.997859,0,0,
2022-06-06,12,stage09_hand_physics,hand_physics,09,,,,0.3,22841,49,22823,47,0.999212,0.0408163,0.959184,0.997859,0.997945,8.55788e-05,0.000873744,
2022-06-06,12,stage09_hand_physics,hand_physics,09,,,,0.4,22841,49,22667,43,0.992382,0.122449,0.877551,0.997859,0.998107,0.000247234,0.0078637,
2022-06-06,12,stage09_hand_physics,hand_physics,09,,,,0.5,22841,49,22184,30,0.971236,0.387755,0.612245,0.997859,0.99865,0.000790173,0.0295325,
2022-06-06,12,stage09_hand_physics,hand_physics,09,,,,0.6,22841,49,20907,19,0.915328,0.612245,0.387755,0.997859,0.999092,0.00123271,0.0858017,
2022-06-06,12,stage09_hand_physics,hand_physics,09,,,,0.7,22841,49,18653,6,0.816646,0.877551,0.122449,0.997859,0.999678,0.00181911,0.184841,
2022-06-06,12,stage09_hand_physics,hand_physics,09,,,,0.8,22841,49,13391,1,0.58627,0.979592,0.0204082,0.997859,0.999925,0.002066,0.414941,
2022-06-06,12,stage09_hand_physics,hand_physics,09,,,,0.9,22841,49,7796,0,0.341316,1,0,0.997859,1,0.00214067,0.659415,
2022-06-06,-5,stage11_adsb_marginal,adsb_marginal_prior,11,,,,0.1,25488,6138,25488,6138,1,0,1,0.805919,0.805919,0,0,
2022-06-06,-5,stage11_adsb_marginal,adsb_marginal_prior,11,,,,0.2,25488,6138,25488,6138,1,0,1,0.805919,0.805919,0,0,
2022-06-06,-5,stage11_adsb_marginal,adsb_marginal_prior,11,,,,0.3,25488,6138,25488,6138,1,0,1,0.805919,0.805919,0,0,
2022-06-06,-5,stage11_adsb_marginal,adsb_marginal_prior,11,,,,0.4,25488,6138,25488,6138,1,0,1,0.805919,0.805919,0,0,
2022-06-06,-5,stage11_adsb_marginal,adsb_marginal_prior,11,,,,0.5,25488,6138,25488,6098,1,0.00651678,0.993483,0.805919,0.80694,0.0010206,0.00126478,
2022-06-06,-5,stage11_adsb_marginal,adsb_marginal_prior,11,,,,0.6,25488,6138,25450,4309,0.998509,0.29798,0.70202,0.805919,0.855203,0.0492843,0.0590337,
2022-06-06,-5,stage11_adsb_marginal,adsb_marginal_prior,11,,,,0.7,25488,6138,24338,974,0.954881,0.841316,0.158684,0.805919,0.96152,0.155601,0.199646,
2022-06-06,-5,stage11_adsb_marginal,adsb_marginal_prior,11,,,,0.8,25488,6138,19805,23,0.777032,0.996253,0.00374715,0.805919,0.99884,0.192921,0.373047,
2022-06-06,-5,stage11_adsb_marginal,adsb_marginal_prior,11,,,,0.9,25488,6138,519,0,0.0203625,1,0,0.805919,1,0.194081,0.983589,
2022-06-06,0,stage11_adsb_marginal,adsb_marginal_prior,11,,,,0.1,30554,1604,30554,1604,1,0,1,0.950121,0.950121,0,0,
2022-06-06,0,stage11_adsb_marginal,adsb_marginal_prior,11,,,,0.2,30554,1604,30554,1604,1,0,1,0.950121,0.950121,0,0,
2022-06-06,0,stage11_adsb_marginal,adsb_marginal_prior,11,,,,0.3,30554,1604,30554,1604,1,0,1,0.950121,0.950121,0,0,
2022-06-06,0,stage11_adsb_marginal,adsb_marginal_prior,11,,,,0.4,30554,1604,30554,1604,1,0,1,0.950121,0.950121,0,0,
2022-06-06,0,stage11_adsb_marginal,adsb_marginal_prior,11,,,,0.5,30554,1604,30553,1603,0.999967,0.000623441,0.999377,0.950121,0.950149,2.79961e-05,6.21929e-05,
2022-06-06,0,stage11_adsb_marginal,adsb_marginal_prior,11,,,,0.6,30554,1604,30525,1322,0.999051,0.17581,0.82419,0.950121,0.958489,0.00836775,0.009671,
2022-06-06,0,stage11_adsb_marginal,adsb_marginal_prior,11,,,,0.7,30554,1604,29489,466,0.965144,0.709476,0.290524,0.950121,0.984443,0.0343221,0.0685055,
2022-06-06,0,stage11_adsb_marginal,adsb_marginal_prior,11,,,,0.8,30554,1604,22283,32,0.729299,0.98005,0.0199501,0.950121,0.998566,0.0484447,0.306082,
2022-06-06,0,stage11_adsb_marginal,adsb_marginal_prior,11,,,,0.9,30554,1604,553,0,0.0180991,1,0,0.950121,1,0.0498787,0.982804,
2022-06-06,3,stage11_adsb_marginal,adsb_marginal_prior,11,,,,0.1,33167,659,33167,659,1,0,1,0.980518,0.980518,0,0,
2022-06-06,3,stage11_adsb_marginal,adsb_marginal_prior,11,,,,0.2,33167,659,33167,659,1,0,1,0.980518,0.980518,0,0,
2022-06-06,3,stage11_adsb_marginal,adsb_marginal_prior,11,,,,0.3,33167,659,33167,659,1,0,1,0.980518,0.980518,0,0,
2022-06-06,3,stage11_adsb_marginal,adsb_marginal_prior,11,,,,0.4,33167,659,33167,659,1,0,1,0.980518,0.980518,0,0,
2022-06-06,3,stage11_adsb_marginal,adsb_marginal_prior,11,,,,0.5,33167,659,33167,659,1,0,1,0.980518,0.980518,0,0,
2022-06-06,3,stage11_adsb_marginal,adsb_marginal_prior,11,,,,0.6,33167,659,33125,577,0.998734,0.124431,0.875569,0.980518,0.982879,0.00236141,0.00366582,
2022-06-06,3,stage11_adsb_marginal,adsb_marginal_prior,11,,,,0.7,33167,659,32019,250,0.965387,0.620637,0.379363,0.980518,0.992253,0.0117347,0.0460297,
2022-06-06,3,stage11_adsb_marginal,adsb_marginal_prior,11,,,,0.8,33167,659,22999,19,0.69343,0.971168,0.0288316,0.980518,0.999175,0.0186566,0.319518,
2022-06-06,3,stage11_adsb_marginal,adsb_marginal_prior,11,,,,0.9,33167,659,539,0,0.0162511,1,0,0.980518,1,0.0194821,0.984066,
2022-06-06,6,stage11_adsb_marginal,adsb_marginal_prior,11,,,,0.1,31653,274,31653,274,1,0,1,0.991418,0.991418,0,0,
2022-06-06,6,stage11_adsb_marginal,adsb_marginal_prior,11,,,,0.2,31653,274,31653,274,1,0,1,0.991418,0.991418,0,0,
2022-06-06,6,stage11_adsb_marginal,adsb_marginal_prior,11,,,,0.3,31653,274,31653,274,1,0,1,0.991418,0.991418,0,0,
2022-06-06,6,stage11_adsb_marginal,adsb_marginal_prior,11,,,,0.4,31653,274,31653,274,1,0,1,0.991418,0.991418,0,0,
2022-06-06,6,stage11_adsb_marginal,adsb_marginal_prior,11,,,,0.5,31653,274,31653,274,1,0,1,0.991418,0.991418,0,0,
2022-06-06,6,stage11_adsb_marginal,adsb_marginal_prior,11,,,,0.6,31653,274,31588,239,0.997946,0.127737,0.872263,0.991418,0.992491,0.00107273,0.00313215,
2022-06-06,6,stage11_adsb_marginal,adsb_marginal_prior,11,,,,0.7,31653,274,30478,110,0.962879,0.59854,0.40146,0.991418,0.996404,0.0049859,0.0419394,
2022-06-06,6,stage11_adsb_marginal,adsb_marginal_prior,11,,,,0.8,31653,274,21799,11,0.688687,0.959854,0.040146,0.991418,0.999496,0.00807772,0.316879,
2022-06-06,6,stage11_adsb_marginal,adsb_marginal_prior,11,,,,0.9,31653,274,540,0,0.01706,1,0,0.991418,1,0.00858208,0.983086,
2022-06-06,9,stage11_adsb_marginal,adsb_marginal_prior,11,,,,0.1,27663,104,27663,104,1,0,1,0.996255,0.996255,0,0,
2022-06-06,9,stage11_adsb_marginal,adsb_marginal_prior,11,,,,0.2,27663,104,27663,104,1,0,1,0.996255,0.996255,0,0,
2022-06-06,9,stage11_adsb_marginal,adsb_marginal_prior,11,,,,0.3,27663,104,27663,104,1,0,1,0.996255,0.996255,0,0,
2022-06-06,9,stage11_adsb_marginal,adsb_marginal_prior,11,,,,0.4,27663,104,27663,104,1,0,1,0.996255,0.996255,0,0,
2022-06-06,9,stage11_adsb_marginal,adsb_marginal_prior,11,,,,0.5,27663,104,27662,104,0.999964,0,1,0.996255,0.996254,-1.34894e-07,3.6014e-05,
2022-06-06,9,stage11_adsb_marginal,adsb_marginal_prior,11,,,,0.6,27663,104,27577,91,0.996891,0.125,0.875,0.996255,0.996711,0.000456455,0.00356538,
2022-06-06,9,stage11_adsb_marginal,adsb_marginal_prior,11,,,,0.7,27663,104,26579,46,0.960814,0.557692,0.442308,0.996255,0.998272,0.00201775,0.041128,
2022-06-06,9,stage11_adsb_marginal,adsb_marginal_prior,11,,,,0.8,27663,104,19266,5,0.696454,0.951923,0.0480769,0.996255,0.999741,0.003486,0.305975,
2022-06-06,9,stage11_adsb_marginal,adsb_marginal_prior,11,,,,0.9,27663,104,516,0,0.0186531,1,0,0.996255,1,0.00374545,0.981417,
2022-06-06,12,stage11_adsb_marginal,adsb_marginal_prior,11,,,,0.1,22841,49,22841,49,1,0,1,0.997859,0.997859,0,0,
2022-06-06,12,stage11_adsb_marginal,adsb_marginal_prior,11,,,,0.2,22841,49,22841,49,1,0,1,0.997859,0.997859,0,0,
2022-06-06,12,stage11_adsb_marginal,adsb_marginal_prior,11,,,,0.3,22841,49,22841,49,1,0,1,0.997859,0.997859,0,0,
2022-06-06,12,stage11_adsb_marginal,adsb_marginal_prior,11,,,,0.4,22841,49,22841,49,1,0,1,0.997859,0.997859,0,0,
2022-06-06,12,stage11_adsb_marginal,adsb_marginal_prior,11,,,,0.5,22841,49,22841,49,1,0,1,0.997859,0.997859,0,0,
2022-06-06,12,stage11_adsb_marginal,adsb_marginal_prior,11,,,,0.6,22841,49,22744,47,0.995753,0.0408163,0.959184,0.997859,0.997938,7.84552e-05,0.00432503,
2022-06-06,12,stage11_adsb_marginal,adsb_marginal_prior,11,,,,0.7,22841,49,21886,25,0.958189,0.489796,0.510204,0.997859,0.998859,0.000999693,0.0427698,
2022-06-06,12,stage11_adsb_marginal,adsb_marginal_prior,11,,,,0.8,22841,49,16357,2,0.716125,0.959184,0.0408163,0.997859,0.999878,0.00201842,0.285321,
2022-06-06,12,stage11_adsb_marginal,adsb_marginal_prior,11,,,,0.9,22841,49,522,0,0.0228536,1,0,0.997859,1,0.00214067,0.977195,
2022-06-06,-5,stage12_gru_ae_track_calibrated,sequence_autoencoder,12.5,gru_ae,,track_purity,0.1,20330,164,20239,10,0.995524,0.939024,0.0609756,0.991998,0.999506,0.00750849,0.0119547,
2022-06-06,-5,stage12_gru_ae_track_calibrated,sequence_autoencoder,12.5,gru_ae,,track_purity,0.2,20330,164,20213,8,0.994245,0.95122,0.0487805,0.991998,0.999604,0.00760671,0.013321,
2022-06-06,-5,stage12_gru_ae_track_calibrated,sequence_autoencoder,12.5,gru_ae,,track_purity,0.3,20330,164,20171,5,0.992179,0.969512,0.0304878,0.991998,0.999752,0.00775452,0.0155167,
2022-06-06,-5,stage12_gru_ae_track_calibrated,sequence_autoencoder,12.5,gru_ae,,track_purity,0.4,20330,164,20117,5,0.989523,0.969512,0.0304878,0.991998,0.999752,0.00775386,0.0181517,
2022-06-06,-5,stage12_gru_ae_track_calibrated,sequence_autoencoder,12.5,gru_ae,,track_purity,0.5,20330,164,20028,3,0.985145,0.981707,0.0182927,0.991998,0.99985,0.00785257,0.022592,
2022-06-06,-5,stage12_gru_ae_track_calibrated,sequence_autoencoder,12.5,gru_ae,,track_purity,0.6,20330,164,19877,2,0.977718,0.987805,0.0121951,0.991998,0.999899,0.00790173,0.0300088,
2022-06-06,-5,stage12_gru_ae_track_calibrated,sequence_autoencoder,12.5,gru_ae,,track_purity,0.7,20330,164,19572,0,0.962715,1,0,0.991998,1,0.00800234,0.0449888,
2022-06-06,-5,stage12_gru_ae_track_calibrated,sequence_autoencoder,12.5,gru_ae,,track_purity,0.8,20330,164,18798,0,0.924643,1,0,0.991998,1,0.00800234,0.0827559,
2022-06-06,-5,stage12_gru_ae_track_calibrated,sequence_autoencoder,12.5,gru_ae,,track_purity,0.9,20330,164,15308,0,0.752976,1,0,0.991998,1,0.00800234,0.25305,
2022-06-06,0,stage12_gru_ae_track_calibrated,sequence_autoencoder,12.5,gru_ae,,track_purity,0.1,20897,16,20775,3,0.994162,0.8125,0.1875,0.999235,0.999856,0.000620691,0.00645531,
2022-06-06,0,stage12_gru_ae_track_calibrated,sequence_autoencoder,12.5,gru_ae,,track_purity,0.2,20897,16,20743,2,0.992631,0.875,0.125,0.999235,0.999904,0.000668666,0.00803328,
2022-06-06,0,stage12_gru_ae_track_calibrated,sequence_autoencoder,12.5,gru_ae,,track_purity,0.3,20897,16,20690,1,0.990094,0.9375,0.0625,0.999235,0.999952,0.000716744,0.0106154,
2022-06-06,0,stage12_gru_ae_track_calibrated,sequence_autoencoder,12.5,gru_ae,,track_purity,0.4,20897,16,20609,1,0.986218,0.9375,0.0625,0.999235,0.999951,0.000716554,0.0144886,
2022-06-06,0,stage12_gru_ae_track_calibrated,sequence_autoencoder,12.5,gru_ae,,track_purity,0.5,20897,16,20484,1,0.980236,0.9375,0.0625,0.999235,0.999951,0.000716258,0.0204657,
2022-06-06,0,stage12_gru_ae_track_calibrated,sequence_autoencoder,12.5,gru_ae,,track_purity,0.6,20897,16,20226,1,0.96789,0.9375,0.0625,0.999235,0.999951,0.000715635,0.0328026,
2022-06-06,0,stage12_gru_ae_track_calibrated,sequence_autoencoder,12.5,gru_ae,,track_purity,0.7,20897,16,19743,1,0.944777,0.9375,0.0625,0.999235,0.999949,0.000714426,0.0558982,
2022-06-06,0,stage12_gru_ae_track_calibrated,sequence_autoencoder,12.5,gru_ae,,track_purity,0.8,20897,16,18604,1,0.890271,0.9375,0.0625,0.999235,0.999946,0.000711325,0.110362,
2022-06-06,0,stage12_gru_ae_track_calibrated,sequence_autoencoder,12.5,gru_ae,,track_purity,0.9,20897,16,15316,1,0.732928,0.9375,0.0625,0.999235,0.999935,0.000699787,0.267585,
2022-06-06,3,stage12_gru_ae_track_calibrated,sequence_autoencoder,12.5,gru_ae,,track_purity,0.1,19317,6,19094,0,0.988456,1,0,0.999689,1,0.000310511,0.0118512,
2022-06-06,3,stage12_gru_ae_track_calibrated,sequence_autoencoder,12.5,gru_ae,,track_purity,0.2,19317,6,19055,0,0.986437,1,0,0.999689,1,0.000310511,0.0138695,
2022-06-06,3,stage12_gru_ae_track_calibrated,sequence_autoencoder,12.5,gru_ae,,track_purity,0.3,19317,6,18986,0,0.982865,1,0,0.999689,1,0.000310511,0.0174404,
2022-06-06,3,stage12_gru_ae_track_calibrated,sequence_autoencoder,12.5,gru_ae,,track_purity,0.4,19317,6,18876,0,0.97717,1,0,0.999689,1,0.000310511,0.0231331,
2022-06-06,3,stage12_gru_ae_track_calibrated,sequence_autoencoder,12.5,gru_ae,,track_purity,0.5,19317,6,18745,0,0.970389,1,0,0.999689,1,0.000310511,0.0299125,
2022-06-06,3,stage12_gru_ae_track_calibrated,sequence_autoencoder,12.5,gru_ae,,track_purity,0.6,19317,6,18496,0,0.957499,1,0,0.999689,1,0.000310511,0.0427987,
2022-06-06,3,stage12_gru_ae_track_calibrated,sequence_autoencoder,12.5,gru_ae,,track_purity,0.7,19317,6,18030,0,0.933375,1,0,0.999689,1,0.000310511,0.0669151,
2022-06-06,3,stage12_gru_ae_track_calibrated,sequence_autoencoder,12.5,gru_ae,,track_purity,0.8,19317,6,17044,0,0.882332,1,0,0.999689,1,0.000310511,0.117942,
2022-06-06,3,stage12_gru_ae_track_calibrated,sequence_autoencoder,12.5,gru_ae,,track_purity,0.9,19317,6,14456,0,0.748356,1,0,0.999689,1,0.000310511,0.251876,
2022-06-06,6,stage12_gru_ae_track_calibrated,sequence_autoencoder,12.5,gru_ae,,track_purity,0.1,16564,1,16387,1,0.989314,0,1,0.99994,0.999939,-6.52012e-07,0.0106852,
2022-06-06,6,stage12_gru_ae_track_calibrated,sequence_autoencoder,12.5,gru_ae,,track_purity,0.2,16564,1,16343,0,0.986658,1,0,0.99994,1,6.03682e-05,0.0134018,
2022-06-06,6,stage12_gru_ae_track_calibrated,sequence_autoencoder,12.5,gru_ae,,track_purity,0.3,16564,1,16276,0,0.982613,1,0,0.99994,1,6.03682e-05,0.0174464,
2022-06-06,6,stage12_gru_ae_track_calibrated,sequence_autoencoder,12.5,gru_ae,,track_purity,0.4,16564,1,16203,0,0.978206,1,0,0.99994,1,6.03682e-05,0.0218533,
2022-06-06,6,stage12_gru_ae_track_calibrated,sequence_autoencoder,12.5,gru_ae,,track_purity,0.5,16564,1,16090,0,0.971384,1,0,0.99994,1,6.03682e-05,0.0286749,
2022-06-06,6,stage12_gru_ae_track_calibrated,sequence_autoencoder,12.5,gru_ae,,track_purity,0.6,16564,1,15903,0,0.960094,1,0,0.99994,1,6.03682e-05,0.0399638,
2022-06-06,6,stage12_gru_ae_track_calibrated,sequence_autoencoder,12.5,gru_ae,,track_purity,0.7,16564,1,15540,0,0.938179,1,0,0.99994,1,6.03682e-05,0.0618775,
2022-06-06,6,stage12_gru_ae_track_calibrated,sequence_autoencoder,12.5,gru_ae,,track_purity,0.8,16564,1,14801,0,0.893564,1,0,0.99994,1,6.03682e-05,0.10649,
2022-06-06,6,stage12_gru_ae_track_calibrated,sequence_autoencoder,12.5,gru_ae,,track_purity,0.9,16564,1,12848,0,0.775658,1,0,0.99994,1,6.03682e-05,0.224389,
2022-06-06,9,stage12_gru_ae_track_calibrated,sequence_autoencoder,12.5,gru_ae,,track_purity,0.1,13776,0,13599,0,0.987152,,,1,1,0,0.0128484,
2022-06-06,9,stage12_gru_ae_track_calibrated,sequence_autoencoder,12.5,gru_ae,,track_purity,0.2,13776,0,13566,0,0.984756,,,1,1,0,0.0152439,
2022-06-06,9,stage12_gru_ae_track_calibrated,sequence_autoencoder,12.5,gru_ae,,track_purity,0.3,13776,0,13509,0,0.980618,,,1,1,0,0.0193815,
2022-06-06,9,stage12_gru_ae_track_calibrated,sequence_autoencoder,12.5,gru_ae,,track_purity,0.4,13776,0,13443,0,0.975828,,,1,1,0,0.0241725,
2022-06-06,9,stage12_gru_ae_track_calibrated,sequence_autoencoder,12.5,gru_ae,,track_purity,0.5,13776,0,13350,0,0.969077,,,1,1,0,0.0309233,
2022-06-06,9,stage12_gru_ae_track_calibrated,sequence_autoencoder,12.5,gru_ae,,track_purity,0.6,13776,0,13185,0,0.957099,,,1,1,0,0.0429007,
2022-06-06,9,stage12_gru_ae_track_calibrated,sequence_autoencoder,12.5,gru_ae,,track_purity,0.7,13776,0,12964,0,0.941057,,,1,1,0,0.0589431,
2022-06-06,9,stage12_gru_ae_track_calibrated,sequence_autoencoder,12.5,gru_ae,,track_purity,0.8,13776,0,12486,0,0.906359,,,1,1,0,0.0936411,
2022-06-06,9,stage12_gru_ae_track_calibrated,sequence_autoencoder,12.5,gru_ae,,track_purity,0.9,13776,0,11200,0,0.813008,,,1,1,0,0.186992,
2022-06-06,12,stage12_gru_ae_track_calibrated,sequence_autoencoder,12.5,gru_ae,,track_purity,0.1,11244,0,11048,0,0.982568,,,1,1,0,0.0174315,
2022-06-06,12,stage12_gru_ae_track_calibrated,sequence_autoencoder,12.5,gru_ae,,track_purity,0.2,11244,0,11013,0,0.979456,,,1,1,0,0.0205443,
2022-06-06,12,stage12_gru_ae_track_calibrated,sequence_autoencoder,12.5,gru_ae,,track_purity,0.3,11244,0,10968,0,0.975454,,,1,1,0,0.0245464,
2022-06-06,12,stage12_gru_ae_track_calibrated,sequence_autoencoder,12.5,gru_ae,,track_purity,0.4,11244,0,10912,0,0.970473,,,1,1,0,0.0295269,
2022-06-06,12,stage12_gru_ae_track_calibrated,sequence_autoencoder,12.5,gru_ae,,track_purity,0.5,11244,0,10845,0,0.964514,,,1,1,0,0.0354856,
2022-06-06,12,stage12_gru_ae_track_calibrated,sequence_autoencoder,12.5,gru_ae,,track_purity,0.6,11244,0,10736,0,0.95482,,,1,1,0,0.0451797,
2022-06-06,12,stage12_gru_ae_track_calibrated,sequence_autoencoder,12.5,gru_ae,,track_purity,0.7,11244,0,10546,0,0.937922,,,1,1,0,0.0620776,
2022-06-06,12,stage12_gru_ae_track_calibrated,sequence_autoencoder,12.5,gru_ae,,track_purity,0.8,11244,0,10230,0,0.909819,,,1,1,0,0.0901814,
2022-06-06,12,stage12_gru_ae_track_calibrated,sequence_autoencoder,12.5,gru_ae,,track_purity,0.9,11244,0,9441,0,0.839648,,,1,1,0,0.160352,
2022-06-06,-5,stage12_mlp_dae_track_calibrated,sequence_autoencoder,12.5,mlp_dae,,track_purity,0.1,20330,164,20259,7,0.996508,0.957317,0.0426829,0.991998,0.999655,0.00765694,0.0111252,
2022-06-06,-5,stage12_mlp_dae_track_calibrated,sequence_autoencoder,12.5,mlp_dae,,track_purity,0.2,20330,164,20238,5,0.995475,0.969512,0.0304878,0.991998,0.999753,0.00775534,0.0122475,
2022-06-06,-5,stage12_mlp_dae_track_calibrated,sequence_autoencoder,12.5,mlp_dae,,track_purity,0.3,20330,164,20207,3,0.99395,0.981707,0.0182927,0.991998,0.999852,0.0078539,0.0138577,
2022-06-06,-5,stage12_mlp_dae_track_calibrated,sequence_autoencoder,12.5,mlp_dae,,track_purity,0.4,20330,164,20157,1,0.99149,0.993902,0.00609756,0.991998,0.99995,0.00795273,0.016395,
2022-06-06,-5,stage12_mlp_dae_track_calibrated,sequence_autoencoder,12.5,mlp_dae,,track_purity,0.5,20330,164,20074,0,0.987408,1,0,0.991998,1,0.00800234,0.0204938,
2022-06-06,-5,stage12_mlp_dae_track_calibrated,sequence_autoencoder,12.5,mlp_dae,,track_purity,0.6,20330,164,19944,0,0.981013,1,0,0.991998,1,0.00800234,0.0268371,
2022-06-06,-5,stage12_mlp_dae_track_calibrated,sequence_autoencoder,12.5,mlp_dae,,track_purity,0.7,20330,164,19691,0,0.968569,1,0,0.991998,1,0.00800234,0.0391822,
2022-06-06,-5,stage12_mlp_dae_track_calibrated,sequence_autoencoder,12.5,mlp_dae,,track_purity,0.8,20330,164,19108,0,0.939892,1,0,0.991998,1,0.00800234,0.0676296,
2022-06-06,-5,stage12_mlp_dae_track_calibrated,sequence_autoencoder,12.5,mlp_dae,,track_purity,0.9,20330,164,16961,0,0.834284,1,0,0.991998,1,0.00800234,0.172392,
2022-06-06,0,stage12_mlp_dae_track_calibrated,sequence_autoencoder,12.5,mlp_dae,,track_purity,0.1,20897,16,20804,2,0.99555,0.875,0.125,0.999235,0.999904,0.000668948,0.00511643,
2022-06-06,0,stage12_mlp_dae_track_calibrated,sequence_autoencoder,12.5,mlp_dae,,track_purity,0.2,20897,16,20773,1,0.994066,0.9375,0.0625,0.999235,0.999952,0.000716937,0.00664658,
2022-06-06,0,stage12_mlp_dae_track_calibrated,sequence_autoencoder,12.5,mlp_dae,,track_purity,0.3,20897,16,20711,1,0.991099,0.9375,0.0625,0.999235,0.999952,0.000716793,0.00961125,
2022-06-06,0,stage12_mlp_dae_track_calibrated,sequence_autoencoder,12.5,mlp_dae,,track_purity,0.4,20897,16,20625,1,0.986984,0.9375,0.0625,0.999235,0.999952,0.000716592,0.0137235,
2022-06-06,0,stage12_mlp_dae_track_calibrated,sequence_autoencoder,12.5,mlp_dae,,track_purity,0.5,20897,16,20506,1,0.981289,0.9375,0.0625,0.999235,0.999951,0.000716311,0.0194138,
2022-06-06,0,stage12_mlp_dae_track_calibrated,sequence_autoencoder,12.5,mlp_dae,,track_purity,0.6,20897,16,20272,1,0.970091,0.9375,0.0625,0.999235,0.999951,0.000715748,0.030603,
2022-06-06,0,stage12_mlp_dae_track_calibrated,sequence_autoencoder,12.5,mlp_dae,,track_purity,0.7,20897,16,19826,1,0.948749,0.9375,0.0625,0.999235,0.99995,0.000714638,0.0519294,
2022-06-06,0,stage12_mlp_dae_track_calibrated,sequence_autoencoder,12.5,mlp_dae,,track_purity,0.8,20897,16,18820,1,0.900608,0.9375,0.0625,0.999235,0.999947,0.000711942,0.100033,
2022-06-06,0,stage12_mlp_dae_track_calibrated,sequence_autoencoder,12.5,mlp_dae,,track_purity,0.9,20897,16,16187,1,0.774609,0.9375,0.0625,0.999235,0.999938,0.0007033,0.225936,
2022-06-06,3,stage12_mlp_dae_track_calibrated,sequence_autoencoder,12.5,mlp_dae,,track_purity,0.1,19317,6,19115,1,0.989543,0.833333,0.166667,0.999689,0.999948,0.000258199,0.0107126,
2022-06-06,3,stage12_mlp_dae_track_calibrated,sequence_autoencoder,12.5,mlp_dae,,track_purity,0.2,19317,6,19080,1,0.987731,0.833333,0.166667,0.999689,0.999948,0.000258103,0.0125239,
2022-06-06,3,stage12_mlp_dae_track_calibrated,sequence_autoencoder,12.5,mlp_dae,,track_purity,0.3,19317,6,19010,0,0.984107,1,0,0.999689,1,0.000310511,0.0161983,
2022-06-06,3,stage12_mlp_dae_track_calibrated,sequence_autoencoder,12.5,mlp_dae,,track_purity,0.4,19317,6,18916,0,0.979241,1,0,0.999689,1,0.000310511,0.021063,
2022-06-06,3,stage12_mlp_dae_track_calibrated,sequence_autoencoder,12.5,mlp_dae,,track_purity,0.5,19317,6,18763,0,0.971321,1,0,0.999689,1,0.000310511,0.028981,
2022-06-06,3,stage12_mlp_dae_track_calibrated,sequence_autoencoder,12.5,mlp_dae,,track_purity,0.6,19317,6,18486,0,0.956981,1,0,0.999689,1,0.000310511,0.0433163,
2022-06-06,3,stage12_mlp_dae_track_calibrated,sequence_autoencoder,12.5,mlp_dae,,track_purity,0.7,19317,6,18030,0,0.933375,1,0,0.999689,1,0.000310511,0.0669151,
2022-06-06,3,stage12_mlp_dae_track_calibrated,sequence_autoencoder,12.5,mlp_dae,,track_purity,0.8,19317,6,17054,0,0.882849,1,0,0.999689,1,0.000310511,0.117425,
2022-06-06,3,stage12_mlp_dae_track_calibrated,sequence_autoencoder,12.5,mlp_dae,,track_purity,0.9,19317,6,14805,0,0.766423,1,0,0.999689,1,0.000310511,0.233815,
2022-06-06,6,stage12_mlp_dae_track_calibrated,sequence_autoencoder,12.5,mlp_dae,,track_purity,0.1,16564,1,16391,0,0.989556,1,0,0.99994,1,6.03682e-05,0.0105041,
2022-06-06,6,stage12_mlp_dae_track_calibrated,sequence_autoencoder,12.5,mlp_dae,,track_purity,0.2,16564,1,16356,0,0.987443,1,0,0.99994,1,6.03682e-05,0.012617,
2022-06-06,6,stage12_mlp_dae_track_calibrated,sequence_autoencoder,12.5,mlp_dae,,track_purity,0.3,16564,1,16297,0,0.983881,1,0,0.99994,1,6.03682e-05,0.0161787,
2022-06-06,6,stage12_mlp_dae_track_calibrated,sequence_autoencoder,12.5,mlp_dae,,track_purity,0.4,16564,1,16209,0,0.978568,1,0,0.99994,1,6.03682e-05,0.0214911,
2022-06-06,6,stage12_mlp_dae_track_calibrated,sequence_autoencoder,12.5,mlp_dae,,track_purity,0.5,16564,1,16086,0,0.971142,1,0,0.99994,1,6.03682e-05,0.0289164,
2022-06-06,6,stage12_mlp_dae_track_calibrated,sequence_autoencoder,12.5,mlp_dae,,track_purity,0.6,16564,1,15882,0,0.958826,1,0,0.99994,1,6.03682e-05,0.0412315,
2022-06-06,6,stage12_mlp_dae_track_calibrated,sequence_autoencoder,12.5,mlp_dae,,track_purity,0.7,16564,1,15483,0,0.934738,1,0,0.99994,1,6.03682e-05,0.0653184,
2022-06-06,6,stage12_mlp_dae_track_calibrated,sequence_autoencoder,12.5,mlp_dae,,track_purity,0.8,16564,1,14704,0,0.887708,1,0,0.99994,1,6.03682e-05,0.112345,
2022-06-06,6,stage12_mlp_dae_track_calibrated,sequence_autoencoder,12.5,mlp_dae,,track_purity,0.9,16564,1,12854,0,0.77602,1,0,0.99994,1,6.03682e-05,0.224027,
2022-06-06,9,stage12_mlp_dae_track_calibrated,sequence_autoencoder,12.5,mlp_dae,,track_purity,0.1,13776,0,13618,0,0.988531,,,1,1,0,0.0114692,
2022-06-06,9,stage12_mlp_dae_track_calibrated,sequence_autoencoder,12.5,mlp_dae,,track_purity,0.2,13776,0,13569,0,0.984974,,,1,1,0,0.0150261,
2022-06-06,9,stage12_mlp_dae_track_calibrated,sequence_autoencoder,12.5,mlp_dae,,track_purity,0.3,13776,0,13503,0,0.980183,,,1,1,0,0.0198171,
2022-06-06,9,stage12_mlp_dae_track_calibrated,sequence_autoencoder,12.5,mlp_dae,,track_purity,0.4,13776,0,13423,0,0.974376,,,1,1,0,0.0256243,
2022-06-06,9,stage12_mlp_dae_track_calibrated,sequence_autoencoder,12.5,mlp_dae,,track_purity,0.5,13776,0,13307,0,0.965955,,,1,1,0,0.0340447,
2022-06-06,9,stage12_mlp_dae_track_calibrated,sequence_autoencoder,12.5,mlp_dae,,track_purity,0.6,13776,0,13124,0,0.952671,,,1,1,0,0.0473287,
2022-06-06,9,stage12_mlp_dae_track_calibrated,sequence_autoencoder,12.5,mlp_dae,,track_purity,0.7,13776,0,12853,0,0.932999,,,1,1,0,0.0670006,
2022-06-06,9,stage12_mlp_dae_track_calibrated,sequence_autoencoder,12.5,mlp_dae,,track_purity,0.8,13776,0,12298,0,0.892712,,,1,1,0,0.107288,
2022-06-06,9,stage12_mlp_dae_track_calibrated,sequence_autoencoder,12.5,mlp_dae,,track_purity,0.9,13776,0,11051,0,0.802192,,,1,1,0,0.197808,
2022-06-06,12,stage12_mlp_dae_track_calibrated,sequence_autoencoder,12.5,mlp_dae,,track_purity,0.1,11244,0,11046,0,0.982391,,,1,1,0,0.0176094,
2022-06-06,12,stage12_mlp_dae_track_calibrated,sequence_autoencoder,12.5,mlp_dae,,track_purity,0.2,11244,0,11005,0,0.978744,,,1,1,0,0.0212558,
2022-06-06,12,stage12_mlp_dae_track_calibrated,sequence_autoencoder,12.5,mlp_dae,,track_purity,0.3,11244,0,10960,0,0.974742,,,1,1,0,0.0252579,
2022-06-06,12,stage12_mlp_dae_track_calibrated,sequence_autoencoder,12.5,mlp_dae,,track_purity,0.4,11244,0,10900,0,0.969406,,,1,1,0,0.0305941,
2022-06-06,12,stage12_mlp_dae_track_calibrated,sequence_autoencoder,12.5,mlp_dae,,track_purity,0.5,11244,0,10804,0,0.960868,,,1,1,0,0.039132,
2022-06-06,12,stage12_mlp_dae_track_calibrated,sequence_autoencoder,12.5,mlp_dae,,track_purity,0.6,11244,0,10666,0,0.948595,,,1,1,0,0.0514052,
2022-06-06,12,stage12_mlp_dae_track_calibrated,sequence_autoencoder,12.5,mlp_dae,,track_purity,0.7,11244,0,10456,0,0.929918,,,1,1,0,0.0700818,
2022-06-06,12,stage12_mlp_dae_track_calibrated,sequence_autoencoder,12.5,mlp_dae,,track_purity,0.8,11244,0,10056,0,0.894344,,,1,1,0,0.105656,
2022-06-06,12,stage12_mlp_dae_track_calibrated,sequence_autoencoder,12.5,mlp_dae,,track_purity,0.9,11244,0,9181,0,0.816524,,,1,1,0,0.183476,
2022-06-06,-5,stage12_tcn_ae_track_calibrated,sequence_autoencoder,12.5,tcn_ae,,track_purity,0.1,20330,164,19901,19,0.978898,0.884146,0.115854,0.991998,0.999046,0.00704853,0.0280082,
2022-06-06,-5,stage12_tcn_ae_track_calibrated,sequence_autoencoder,12.5,tcn_ae,,track_purity,0.2,20330,164,19787,12,0.973291,0.926829,0.0731707,0.991998,0.999394,0.00739625,0.0339124,
2022-06-06,-5,stage12_tcn_ae_track_calibrated,sequence_autoencoder,12.5,tcn_ae,,track_purity,0.3,20330,164,19664,10,0.967241,0.939024,0.0609756,0.991998,0.999492,0.00749406,0.0400117,
2022-06-06,-5,stage12_tcn_ae_track_calibrated,sequence_autoencoder,12.5,tcn_ae,,track_purity,0.4,20330,164,19488,4,0.958583,0.97561,0.0243902,0.991998,0.999795,0.00779713,0.0488924,
2022-06-06,-5,stage12_tcn_ae_track_calibrated,sequence_autoencoder,12.5,tcn_ae,,track_purity,0.5,20330,164,19214,2,0.945106,0.987805,0.0121951,0.991998,0.999896,0.00789826,0.0623597,
2022-06-06,-5,stage12_tcn_ae_track_calibrated,sequence_autoencoder,12.5,tcn_ae,,track_purity,0.6,20330,164,18792,2,0.924348,0.987805,0.0121951,0.991998,0.999894,0.00789593,0.0829511,
2022-06-06,-5,stage12_tcn_ae_track_calibrated,sequence_autoencoder,12.5,tcn_ae,,track_purity,0.7,20330,164,17971,1,0.883965,0.993902,0.00609756,0.991998,0.999944,0.0079467,0.12306,
2022-06-06,-5,stage12_tcn_ae_track_calibrated,sequence_autoencoder,12.5,tcn_ae,,track_purity,0.8,20330,164,15982,0,0.786129,1,0,0.991998,1,0.00800234,0.220162,
2022-06-06,-5,stage12_tcn_ae_track_calibrated,sequence_autoencoder,12.5,tcn_ae,,track_purity,0.9,20330,164,11631,0,0.57211,1,0,0.991998,1,0.00800234,0.432468,
2022-06-06,0,stage12_tcn_ae_track_calibrated,sequence_autoencoder,12.5,tcn_ae,,track_purity,0.1,20897,16,20437,5,0.977987,0.6875,0.3125,0.999235,0.999755,0.00052048,0.0225219,
2022-06-06,0,stage12_tcn_ae_track_calibrated,sequence_autoencoder,12.5,tcn_ae,,track_purity,0.2,20897,16,20299,5,0.971383,0.6875,0.3125,0.999235,0.999754,0.000518817,0.0291206,
2022-06-06,0,stage12_tcn_ae_track_calibrated,sequence_autoencoder,12.5,tcn_ae,,track_purity,0.3,20897,16,20100,4,0.961861,0.75,0.25,0.999235,0.999801,0.000566109,0.0386841,
2022-06-06,0,stage12_tcn_ae_track_calibrated,sequence_autoencoder,12.5,tcn_ae,,track_purity,0.4,20897,16,19811,2,0.948031,0.875,0.125,0.999235,0.999899,0.000664131,0.0525989,
2022-06-06,0,stage12_tcn_ae_track_calibrated,sequence_autoencoder,12.5,tcn_ae,,track_purity,0.5,20897,16,19366,2,0.926736,0.875,0.125,0.999235,0.999897,0.000661811,0.0738775,
2022-06-06,0,stage12_tcn_ae_track_calibrated,sequence_autoencoder,12.5,tcn_ae,,track_purity,0.6,20897,16,18725,1,0.896062,0.9375,0.0625,0.999235,0.999947,0.000711673,0.104576,
2022-06-06,0,stage12_tcn_ae_track_calibrated,sequence_autoencoder,12.5,tcn_ae,,track_purity,0.7,20897,16,17647,1,0.844475,0.9375,0.0625,0.999235,0.999943,0.000708411,0.156123,
2022-06-06,0,stage12_tcn_ae_track_calibrated,sequence_autoencoder,12.5,tcn_ae,,track_purity,0.8,20897,16,15693,1,0.750969,0.9375,0.0625,0.999235,0.999936,0.000701356,0.249558,
2022-06-06,0,stage12_tcn_ae_track_calibrated,sequence_autoencoder,12.5,tcn_ae,,track_purity,0.9,20897,16,12035,1,0.57592,0.9375,0.0625,0.999235,0.999917,0.00068199,0.424473,
2022-06-06,3,stage12_tcn_ae_track_calibrated,sequence_autoencoder,12.5,tcn_ae,,track_purity,0.1,19317,6,18831,2,0.974841,0.666667,0.333333,0.999689,0.999894,0.000204314,0.0253584,
2022-06-06,3,stage12_tcn_ae_track_calibrated,sequence_autoencoder,12.5,tcn_ae,,track_purity,0.2,19317,6,18702,0,0.968163,1,0,0.999689,1,0.000310511,0.0321379,
2022-06-06,3,stage12_tcn_ae_track_calibrated,sequence_autoencoder,12.5,tcn_ae,,track_purity,0.3,19317,6,18516,0,0.958534,1,0,0.999689,1,0.000310511,0.0417637,
2022-06-06,3,stage12_tcn_ae_track_calibrated,sequence_autoencoder,12.5,tcn_ae,,track_purity,0.4,19317,6,18251,0,0.944815,1,0,0.999689,1,0.000310511,0.0554779,
2022-06-06,3,stage12_tcn_ae_track_calibrated,sequence_autoencoder,12.5,tcn_ae,,track_purity,0.5,19317,6,17866,0,0.924885,1,0,0.999689,1,0.000310511,0.0754024,
2022-06-06,3,stage12_tcn_ae_track_calibrated,sequence_autoencoder,12.5,tcn_ae,,track_purity,0.6,19317,6,17280,0,0.894549,1,0,0.999689,1,0.000310511,0.105729,
2022-06-06,3,stage12_tcn_ae_track_calibrated,sequence_autoencoder,12.5,tcn_ae,,track_purity,0.7,19317,6,16404,0,0.8492,1,0,0.999689,1,0.000310511,0.151063,
2022-06-06,3,stage12_tcn_ae_track_calibrated,sequence_autoencoder,12.5,tcn_ae,,track_purity,0.8,19317,6,14802,0,0.766268,1,0,0.999689,1,0.000310511,0.23397,
2022-06-06,3,stage12_tcn_ae_track_calibrated,sequence_autoencoder,12.5,tcn_ae,,track_purity,0.9,19317,6,11791,0,0.610395,1,0,0.999689,1,0.000310511,0.389795,
2022-06-06,6,stage12_tcn_ae_track_calibrated,sequence_autoencoder,12.5,tcn_ae,,track_purity,0.1,16564,1,16222,1,0.979353,0,1,0.99994,0.999938,-1.27263e-06,0.0206459,
2022-06-06,6,stage12_tcn_ae_track_calibrated,sequence_autoencoder,12.5,tcn_ae,,track_purity,0.2,16564,1,16140,1,0.974402,0,1,0.99994,0.999938,-1.58578e-06,0.0255961,
2022-06-06,6,stage12_tcn_ae_track_calibrated,sequence_autoencoder,12.5,tcn_ae,,track_purity,0.3,16564,1,16011,0,0.966614,1,0,0.99994,1,6.03682e-05,0.033444,
2022-06-06,6,stage12_tcn_ae_track_calibrated,sequence_autoencoder,12.5,tcn_ae,,track_purity,0.4,16564,1,15814,0,0.954721,1,0,0.99994,1,6.03682e-05,0.0453366,
2022-06-06,6,stage12_tcn_ae_track_calibrated,sequence_autoencoder,12.5,tcn_ae,,track_purity,0.5,16564,1,15550,0,0.938783,1,0,0.99994,1,6.03682e-05,0.0612738,
2022-06-06,6,stage12_tcn_ae_track_calibrated,sequence_autoencoder,12.5,tcn_ae,,track_purity,0.6,16564,1,15127,0,0.913246,1,0,0.99994,1,6.03682e-05,0.0868095,
2022-06-06,6,stage12_tcn_ae_track_calibrated,sequence_autoencoder,12.5,tcn_ae,,track_purity,0.7,16564,1,14457,0,0.872796,1,0,0.99994,1,6.03682e-05,0.127256,
2022-06-06,6,stage12_tcn_ae_track_calibrated,sequence_autoencoder,12.5,tcn_ae,,track_purity,0.8,16564,1,13336,0,0.80512,1,0,0.99994,1,6.03682e-05,0.194929,
2022-06-06,6,stage12_tcn_ae_track_calibrated,sequence_autoencoder,12.5,tcn_ae,,track_purity,0.9,16564,1,11055,0,0.667411,1,0,0.99994,1,6.03682e-05,0.332629,
2022-06-06,9,stage12_tcn_ae_track_calibrated,sequence_autoencoder,12.5,tcn_ae,,track_purity,0.1,13776,0,13502,0,0.98011,,,1,1,0,0.0198897,
2022-06-06,9,stage12_tcn_ae_track_calibrated,sequence_autoencoder,12.5,tcn_ae,,track_purity,0.2,13776,0,13434,0,0.975174,,,1,1,0,0.0248258,
2022-06-06,9,stage12_tcn_ae_track_calibrated,sequence_autoencoder,12.5,tcn_ae,,track_purity,0.3,13776,0,13368,0,0.970383,,,1,1,0,0.0296167,
2022-06-06,9,stage12_tcn_ae_track_calibrated,sequence_autoencoder,12.5,tcn_ae,,track_purity,0.4,13776,0,13252,0,0.961963,,,1,1,0,0.0380372,
2022-06-06,9,stage12_tcn_ae_track_calibrated,sequence_autoencoder,12.5,tcn_ae,,track_purity,0.5,13776,0,13067,0,0.948534,,,1,1,0,0.0514663,
2022-06-06,9,stage12_tcn_ae_track_calibrated,sequence_autoencoder,12.5,tcn_ae,,track_purity,0.6,13776,0,12809,0,0.929805,,,1,1,0,0.0701945,
2022-06-06,9,stage12_tcn_ae_track_calibrated,sequence_autoencoder,12.5,tcn_ae,,track_purity,0.7,13776,0,12359,0,0.89714,,,1,1,0,0.10286,
2022-06-06,9,stage12_tcn_ae_track_calibrated,sequence_autoencoder,12.5,tcn_ae,,track_purity,0.8,13776,0,11565,0,0.839503,,,1,1,0,0.160497,
2022-06-06,9,stage12_tcn_ae_track_calibrated,sequence_autoencoder,12.5,tcn_ae,,track_purity,0.9,13776,0,9995,0,0.725537,,,1,1,0,0.274463,
2022-06-06,12,stage12_tcn_ae_track_calibrated,sequence_autoencoder,12.5,tcn_ae,,track_purity,0.1,11244,0,11016,0,0.979723,,,1,1,0,0.0202775,
2022-06-06,12,stage12_tcn_ae_track_calibrated,sequence_autoencoder,12.5,tcn_ae,,track_purity,0.2,11244,0,10979,0,0.976432,,,1,1,0,0.0235681,
2022-06-06,12,stage12_tcn_ae_track_calibrated,sequence_autoencoder,12.5,tcn_ae,,track_purity,0.3,11244,0,10897,0,0.969139,,,1,1,0,0.0308609,
2022-06-06,12,stage12_tcn_ae_track_calibrated,sequence_autoencoder,12.5,tcn_ae,,track_purity,0.4,11244,0,10815,0,0.961846,,,1,1,0,0.0381537,
2022-06-06,12,stage12_tcn_ae_track_calibrated,sequence_autoencoder,12.5,tcn_ae,,track_purity,0.5,11244,0,10695,0,0.951174,,,1,1,0,0.048826,
2022-06-06,12,stage12_tcn_ae_track_calibrated,sequence_autoencoder,12.5,tcn_ae,,track_purity,0.6,11244,0,10505,0,0.934276,,,1,1,0,0.0657239,
2022-06-06,12,stage12_tcn_ae_track_calibrated,sequence_autoencoder,12.5,tcn_ae,,track_purity,0.7,11244,0,10235,0,0.910263,,,1,1,0,0.0897367,
2022-06-06,12,stage12_tcn_ae_track_calibrated,sequence_autoencoder,12.5,tcn_ae,,track_purity,0.8,11244,0,9716,0,0.864105,,,1,1,0,0.135895,
2022-06-06,12,stage12_tcn_ae_track_calibrated,sequence_autoencoder,12.5,tcn_ae,,track_purity,0.9,11244,0,8672,0,0.771256,,,1,1,0,0.228744,
2022-06-06,-5,stage12_gru_ae_clean_truth,sequence_autoencoder,12.5,gru_ae,,clean_truth,0.5,20330,164,1599,0,0.0786522,1,0,0.991998,1,0.00800234,0.921977,clean-truth calibration
2022-06-06,0,stage12_gru_ae_clean_truth,sequence_autoencoder,12.5,gru_ae,,clean_truth,0.5,20897,16,1712,0,0.0819256,1,0,0.999235,1,0.000765074,0.918137,clean-truth calibration
2022-06-06,3,stage12_gru_ae_clean_truth,sequence_autoencoder,12.5,gru_ae,,clean_truth,0.5,19317,6,1794,0,0.0928716,1,0,0.999689,1,0.000310511,0.907157,clean-truth calibration
2022-06-06,6,stage12_gru_ae_clean_truth,sequence_autoencoder,12.5,gru_ae,,clean_truth,0.5,16564,1,2055,0,0.124064,1,0,0.99994,1,6.03682e-05,0.875943,clean-truth calibration
2022-06-06,9,stage12_gru_ae_clean_truth,sequence_autoencoder,12.5,gru_ae,,clean_truth,0.5,13776,0,2421,0,0.17574,,,1,1,0,0.82426,clean-truth calibration
2022-06-06,12,stage12_gru_ae_clean_truth,sequence_autoencoder,12.5,gru_ae,,clean_truth,0.5,11244,0,2787,0,0.247866,,,1,1,0,0.752134,clean-truth calibration
2022-06-06,-5,stage12_mlp_dae_clean_truth,sequence_autoencoder,12.5,mlp_dae,,clean_truth,0.5,20330,164,2245,0,0.110428,1,0,0.991998,1,0.00800234,0.890456,clean-truth calibration
2022-06-06,0,stage12_mlp_dae_clean_truth,sequence_autoencoder,12.5,mlp_dae,,clean_truth,0.5,20897,16,2427,0,0.116141,1,0,0.999235,1,0.000765074,0.883948,clean-truth calibration
2022-06-06,3,stage12_mlp_dae_clean_truth,sequence_autoencoder,12.5,mlp_dae,,clean_truth,0.5,19317,6,2686,0,0.139049,1,0,0.999689,1,0.000310511,0.860995,clean-truth calibration
2022-06-06,6,stage12_mlp_dae_clean_truth,sequence_autoencoder,12.5,mlp_dae,,clean_truth,0.5,16564,1,3011,0,0.18178,1,0,0.99994,1,6.03682e-05,0.818231,clean-truth calibration
2022-06-06,9,stage12_mlp_dae_clean_truth,sequence_autoencoder,12.5,mlp_dae,,clean_truth,0.5,13776,0,3368,0,0.244483,,,1,1,0,0.755517,clean-truth calibration
2022-06-06,12,stage12_mlp_dae_clean_truth,sequence_autoencoder,12.5,mlp_dae,,clean_truth,0.5,11244,0,3492,0,0.310566,,,1,1,0,0.689434,clean-truth calibration
2022-06-06,-5,stage12_tcn_ae_clean_truth,sequence_autoencoder,12.5,tcn_ae,,clean_truth,0.5,20330,164,0,0,0,1,0,0.991998,,,1,clean-truth calibration
2022-06-06,0,stage12_tcn_ae_clean_truth,sequence_autoencoder,12.5,tcn_ae,,clean_truth,0.5,20897,16,0,0,0,1,0,0.999235,,,1,clean-truth calibration
2022-06-06,3,stage12_tcn_ae_clean_truth,sequence_autoencoder,12.5,tcn_ae,,clean_truth,0.5,19317,6,0,0,0,1,0,0.999689,,,1,clean-truth calibration
2022-06-06,6,stage12_tcn_ae_clean_truth,sequence_autoencoder,12.5,tcn_ae,,clean_truth,0.5,16564,1,0,0,0,1,0,0.99994,,,1,clean-truth calibration
2022-06-06,9,stage12_tcn_ae_clean_truth,sequence_autoencoder,12.5,tcn_ae,,clean_truth,0.5,13776,0,1,0,7.259e-05,,,1,1,0,0.999927,clean-truth calibration
2022-06-06,12,stage12_tcn_ae_clean_truth,sequence_autoencoder,12.5,tcn_ae,,clean_truth,0.5,11244,0,0,0,0,,,1,,,1,clean-truth calibration
2022-06-06,-5,stage13_vae_elbo,vae_prior,13,,elbo,track_purity,0.1,20330,164,20229,9,0.995032,0.945122,0.054878,0.991998,0.999555,0.00755763,0.0124915,
2022-06-06,-5,stage13_vae_elbo,vae_prior,13,,elbo,track_purity,0.2,20330,164,20195,7,0.99336,0.957317,0.0426829,0.991998,0.999653,0.00765584,0.0142481,
2022-06-06,-5,stage13_vae_elbo,vae_prior,13,,elbo,track_purity,0.3,20330,164,20165,7,0.991884,0.957317,0.0426829,0.991998,0.999653,0.00765533,0.0157119,
2022-06-06,-5,stage13_vae_elbo,vae_prior,13,,elbo,track_purity,0.4,20330,164,20102,4,0.988785,0.97561,0.0243902,0.991998,0.999801,0.0078034,0.0189324,
2022-06-06,-5,stage13_vae_elbo,vae_prior,13,,elbo,track_purity,0.5,20330,164,19984,3,0.982981,0.981707,0.0182927,0.991998,0.99985,0.00785224,0.0247389,
2022-06-06,-5,stage13_vae_elbo,vae_prior,13,,elbo,track_purity,0.6,20330,164,19825,0,0.97516,1,0,0.991998,1,0.00800234,0.0326437,
2022-06-06,-5,stage13_vae_elbo,vae_prior,13,,elbo,track_purity,0.7,20330,164,19465,0,0.957452,1,0,0.991998,1,0.00800234,0.0502098,
2022-06-06,-5,stage13_vae_elbo,vae_prior,13,,elbo,track_purity,0.8,20330,164,18546,0,0.912248,1,0,0.991998,1,0.00800234,0.0950522,
2022-06-06,-5,stage13_vae_elbo,vae_prior,13,,elbo,track_purity,0.9,20330,164,14781,0,0.727054,1,0,0.991998,1,0.00800234,0.278765,
2022-06-06,0,stage13_vae_elbo,vae_prior,13,,elbo,track_purity,0.1,20897,16,20778,3,0.994305,0.8125,0.1875,0.999235,0.999856,0.000620712,0.00631186,
2022-06-06,0,stage13_vae_elbo,vae_prior,13,,elbo,track_purity,0.2,20897,16,20739,2,0.992439,0.875,0.125,0.999235,0.999904,0.000668647,0.00822455,
2022-06-06,0,stage13_vae_elbo,vae_prior,13,,elbo,track_purity,0.3,20897,16,20679,2,0.989568,0.875,0.125,0.999235,0.999903,0.000668367,0.0110936,
2022-06-06,0,stage13_vae_elbo,vae_prior,13,,elbo,track_purity,0.4,20897,16,20574,1,0.984543,0.9375,0.0625,0.999235,0.999951,0.000716472,0.0161622,
2022-06-06,0,stage13_vae_elbo,vae_prior,13,,elbo,track_purity,0.5,20897,16,20413,1,0.976839,0.9375,0.0625,0.999235,0.999951,0.000716088,0.0238608,
2022-06-06,0,stage13_vae_elbo,vae_prior,13,,elbo,track_purity,0.6,20897,16,20118,1,0.962722,0.9375,0.0625,0.999235,0.99995,0.00071537,0.0379668,
2022-06-06,0,stage13_vae_elbo,vae_prior,13,,elbo,track_purity,0.7,20897,16,19562,1,0.936115,0.9375,0.0625,0.999235,0.999949,0.000713957,0.0645531,
2022-06-06,0,stage13_vae_elbo,vae_prior,13,,elbo,track_purity,0.8,20897,16,18199,1,0.870891,0.9375,0.0625,0.999235,0.999945,0.000710129,0.129728,
2022-06-06,0,stage13_vae_elbo,vae_prior,13,,elbo,track_purity,0.9,20897,16,14862,1,0.711203,0.9375,0.0625,0.999235,0.999933,0.000697793,0.289294,
2022-06-06,3,stage13_vae_elbo,vae_prior,13,,elbo,track_purity,0.1,19317,6,19093,1,0.988404,0.833333,0.166667,0.999689,0.999948,0.000258138,0.0118512,
2022-06-06,3,stage13_vae_elbo,vae_prior,13,,elbo,track_purity,0.2,19317,6,19049,1,0.986126,0.833333,0.166667,0.999689,0.999948,0.000258017,0.0141282,
2022-06-06,3,stage13_vae_elbo,vae_prior,13,,elbo,track_purity,0.3,19317,6,18967,0,0.981881,1,0,0.999689,1,0.000310511,0.0184236,
2022-06-06,3,stage13_vae_elbo,vae_prior,13,,elbo,track_purity,0.4,19317,6,18868,0,0.976756,1,0,0.999689,1,0.000310511,0.0235471,
2022-06-06,3,stage13_vae_elbo,vae_prior,13,,elbo,track_purity,0.5,19317,6,18672,0,0.96661,1,0,0.999689,1,0.000310511,0.0336904,
2022-06-06,3,stage13_vae_elbo,vae_prior,13,,elbo,track_purity,0.6,19317,6,18387,0,0.951856,1,0,0.999689,1,0.000310511,0.0484397,
2022-06-06,3,stage13_vae_elbo,vae_prior,13,,elbo,track_purity,0.7,19317,6,17870,0,0.925092,1,0,0.999689,1,0.000310511,0.0751954,
2022-06-06,3,stage13_vae_elbo,vae_prior,13,,elbo,track_purity,0.8,19317,6,16717,0,0.865404,1,0,0.999689,1,0.000310511,0.134865,
2022-06-06,3,stage13_vae_elbo,vae_prior,13,,elbo,track_purity,0.9,19317,6,13965,0,0.722938,1,0,0.999689,1,0.000310511,0.277286,
2022-06-06,6,stage13_vae_elbo,vae_prior,13,,elbo,track_purity,0.1,16564,1,16383,0,0.989073,1,0,0.99994,1,6.03682e-05,0.010987,
2022-06-06,6,stage13_vae_elbo,vae_prior,13,,elbo,track_purity,0.2,16564,1,16325,0,0.985571,1,0,0.99994,1,6.03682e-05,0.0144884,
2022-06-06,6,stage13_vae_elbo,vae_prior,13,,elbo,track_purity,0.3,16564,1,16254,0,0.981285,1,0,0.99994,1,6.03682e-05,0.0187745,
2022-06-06,6,stage13_vae_elbo,vae_prior,13,,elbo,track_purity,0.4,16564,1,16169,0,0.976153,1,0,0.99994,1,6.03682e-05,0.0239058,
2022-06-06,6,stage13_vae_elbo,vae_prior,13,,elbo,track_purity,0.5,16564,1,16051,0,0.969029,1,0,0.99994,1,6.03682e-05,0.0310293,
2022-06-06,6,stage13_vae_elbo,vae_prior,13,,elbo,track_purity,0.6,16564,1,15828,0,0.955566,1,0,0.99994,1,6.03682e-05,0.0444914,
2022-06-06,6,stage13_vae_elbo,vae_prior,13,,elbo,track_purity,0.7,16564,1,15431,0,0.931599,1,0,0.99994,1,6.03682e-05,0.0684576,
2022-06-06,6,stage13_vae_elbo,vae_prior,13,,elbo,track_purity,0.8,16564,1,14578,0,0.880101,1,0,0.99994,1,6.03682e-05,0.119952,
2022-06-06,6,stage13_vae_elbo,vae_prior,13,,elbo,track_purity,0.9,16564,1,12434,0,0.750664,1,0,0.99994,1,6.03682e-05,0.249381,
2022-06-06,9,stage13_vae_elbo,vae_prior,13,,elbo,track_purity,0.1,13776,0,13603,0,0.987442,,,1,1,0,0.0125581,
2022-06-06,9,stage13_vae_elbo,vae_prior,13,,elbo,track_purity,0.2,13776,0,13557,0,0.984103,,,1,1,0,0.0158972,
2022-06-06,9,stage13_vae_elbo,vae_prior,13,,elbo,track_purity,0.3,13776,0,13499,0,0.979893,,,1,1,0,0.0201074,
2022-06-06,9,stage13_vae_elbo,vae_prior,13,,elbo,track_purity,0.4,13776,0,13411,0,0.973505,,,1,1,0,0.0264954,
2022-06-06,9,stage13_vae_elbo,vae_prior,13,,elbo,track_purity,0.5,13776,0,13306,0,0.965883,,,1,1,0,0.0341173,
2022-06-06,9,stage13_vae_elbo,vae_prior,13,,elbo,track_purity,0.6,13776,0,13132,0,0.953252,,,1,1,0,0.046748,
2022-06-06,9,stage13_vae_elbo,vae_prior,13,,elbo,track_purity,0.7,13776,0,12858,0,0.933362,,,1,1,0,0.0666376,
2022-06-06,9,stage13_vae_elbo,vae_prior,13,,elbo,track_purity,0.8,13776,0,12305,0,0.89322,,,1,1,0,0.10678,
2022-06-06,9,stage13_vae_elbo,vae_prior,13,,elbo,track_purity,0.9,13776,0,10947,0,0.794643,,,1,1,0,0.205357,
2022-06-06,12,stage13_vae_elbo,vae_prior,13,,elbo,track_purity,0.1,11244,0,11033,0,0.981234,,,1,1,0,0.0187656,
2022-06-06,12,stage13_vae_elbo,vae_prior,13,,elbo,track_purity,0.2,11244,0,11005,0,0.978744,,,1,1,0,0.0212558,
2022-06-06,12,stage13_vae_elbo,vae_prior,13,,elbo,track_purity,0.3,11244,0,10961,0,0.974831,,,1,1,0,0.025169,
2022-06-06,12,stage13_vae_elbo,vae_prior,13,,elbo,track_purity,0.4,11244,0,10901,0,0.969495,,,1,1,0,0.0305052,
2022-06-06,12,stage13_vae_elbo,vae_prior,13,,elbo,track_purity,0.5,11244,0,10815,0,0.961846,,,1,1,0,0.0381537,
2022-06-06,12,stage13_vae_elbo,vae_prior,13,,elbo,track_purity,0.6,11244,0,10699,0,0.95153,,,1,1,0,0.0484703,
2022-06-06,12,stage13_vae_elbo,vae_prior,13,,elbo,track_purity,0.7,11244,0,10492,0,0.93312,,,1,1,0,0.0668801,
2022-06-06,12,stage13_vae_elbo,vae_prior,13,,elbo,track_purity,0.8,11244,0,10117,0,0.899769,,,1,1,0,0.100231,
2022-06-06,12,stage13_vae_elbo,vae_prior,13,,elbo,track_purity,0.9,11244,0,9226,0,0.820527,,,1,1,0,0.179473,
2022-06-06,-5,stage13_vae_reconstruction,vae_prior,13,,reconstruction,track_purity,0.1,20330,164,20225,9,0.994835,0.945122,0.054878,0.991998,0.999555,0.00755755,0.0126866,
2022-06-06,-5,stage13_vae_reconstruction,vae_prior,13,,reconstruction,track_purity,0.2,20330,164,20192,7,0.993212,0.957317,0.0426829,0.991998,0.999653,0.00765579,0.0143945,
2022-06-06,-5,stage13_vae_reconstruction,vae_prior,13,,reconstruction,track_purity,0.3,20330,164,20160,6,0.991638,0.963415,0.0365854,0.991998,0.999702,0.00770481,0.0160047,
2022-06-06,-5,stage13_vae_reconstruction,vae_prior,13,,reconstruction,track_purity,0.4,20330,164,20099,4,0.988637,0.97561,0.0243902,0.991998,0.999801,0.00780337,0.0190788,
2022-06-06,-5,stage13_vae_reconstruction,vae_prior,13,,reconstruction,track_purity,0.5,20330,164,19985,3,0.98303,0.981707,0.0182927,0.991998,0.99985,0.00785225,0.0246902,
2022-06-06,-5,stage13_vae_reconstruction,vae_prior,13,,reconstruction,track_purity,0.6,20330,164,19818,0,0.974816,1,0,0.991998,1,0.00800234,0.0329853,
2022-06-06,-5,stage13_vae_reconstruction,vae_prior,13,,reconstruction,track_purity,0.7,20330,164,19460,0,0.957206,1,0,0.991998,1,0.00800234,0.0504538,
2022-06-06,-5,stage13_vae_reconstruction,vae_prior,13,,reconstruction,track_purity,0.8,20330,164,18559,0,0.912887,1,0,0.991998,1,0.00800234,0.0944179,
2022-06-06,-5,stage13_vae_reconstruction,vae_prior,13,,reconstruction,track_purity,0.9,20330,164,14814,0,0.728677,1,0,0.991998,1,0.00800234,0.277154,
2022-06-06,0,stage13_vae_reconstruction,vae_prior,13,,reconstruction,track_purity,0.1,20897,16,20775,4,0.994162,0.75,0.25,0.999235,0.999807,0.000572572,0.0064075,
2022-06-06,0,stage13_vae_reconstruction,vae_prior,13,,reconstruction,track_purity,0.2,20897,16,20736,2,0.992296,0.875,0.125,0.999235,0.999904,0.000668633,0.008368,
2022-06-06,0,stage13_vae_reconstruction,vae_prior,13,,reconstruction,track_purity,0.3,20897,16,20678,2,0.98952,0.875,0.125,0.999235,0.999903,0.000668363,0.0111414,
2022-06-06,0,stage13_vae_reconstruction,vae_prior,13,,reconstruction,track_purity,0.4,20897,16,20568,1,0.984256,0.9375,0.0625,0.999235,0.999951,0.000716458,0.0164491,
2022-06-06,0,stage13_vae_reconstruction,vae_prior,13,,reconstruction,track_purity,0.5,20897,16,20400,1,0.976217,0.9375,0.0625,0.999235,0.999951,0.000716057,0.0244824,
2022-06-06,0,stage13_vae_reconstruction,vae_prior,13,,reconstruction,track_purity,0.6,20897,16,20116,1,0.962626,0.9375,0.0625,0.999235,0.99995,0.000715365,0.0380624,
2022-06-06,0,stage13_vae_reconstruction,vae_prior,13,,reconstruction,track_purity,0.7,20897,16,19553,1,0.935685,0.9375,0.0625,0.999235,0.999949,0.000713934,0.0649835,
2022-06-06,0,stage13_vae_reconstruction,vae_prior,13,,reconstruction,track_purity,0.8,20897,16,18236,1,0.872661,0.9375,0.0625,0.999235,0.999945,0.000710241,0.127959,
2022-06-06,0,stage13_vae_reconstruction,vae_prior,13,,reconstruction,track_purity,0.9,20897,16,14857,1,0.710963,0.9375,0.0625,0.999235,0.999933,0.000697771,0.289533,
2022-06-06,3,stage13_vae_reconstruction,vae_prior,13,,reconstruction,track_purity,0.1,19317,6,19094,1,0.988456,0.833333,0.166667,0.999689,0.999948,0.000258141,0.0117994,
2022-06-06,3,stage13_vae_reconstruction,vae_prior,13,,reconstruction,track_purity,0.2,19317,6,19042,1,0.985764,0.833333,0.166667,0.999689,0.999947,0.000257998,0.0144905,
2022-06-06,3,stage13_vae_reconstruction,vae_prior,13,,reconstruction,track_purity,0.3,19317,6,18960,1,0.981519,0.833333,0.166667,0.999689,0.999947,0.000257771,0.0187342,
2022-06-06,3,stage13_vae_reconstruction,vae_prior,13,,reconstruction,track_purity,0.4,19317,6,18865,0,0.976601,1,0,0.999689,1,0.000310511,0.0237023,
2022-06-06,3,stage13_vae_reconstruction,vae_prior,13,,reconstruction,track_purity,0.5,19317,6,18673,0,0.966661,1,0,0.999689,1,0.000310511,0.0336387,
2022-06-06,3,stage13_vae_reconstruction,vae_prior,13,,reconstruction,track_purity,0.6,19317,6,18380,0,0.951494,1,0,0.999689,1,0.000310511,0.0488019,
2022-06-06,3,stage13_vae_reconstruction,vae_prior,13,,reconstruction,track_purity,0.7,19317,6,17867,0,0.924937,1,0,0.999689,1,0.000310511,0.0753506,
2022-06-06,3,stage13_vae_reconstruction,vae_prior,13,,reconstruction,track_purity,0.8,19317,6,16735,0,0.866335,1,0,0.999689,1,0.000310511,0.133934,
2022-06-06,3,stage13_vae_reconstruction,vae_prior,13,,reconstruction,track_purity,0.9,19317,6,14045,0,0.72708,1,0,0.999689,1,0.000310511,0.273146,
2022-06-06,6,stage13_vae_reconstruction,vae_prior,13,,reconstruction,track_purity,0.1,16564,1,16381,0,0.988952,1,0,0.99994,1,6.03682e-05,0.0111078,
2022-06-06,6,stage13_vae_reconstruction,vae_prior,13,,reconstruction,track_purity,0.2,16564,1,16325,0,0.985571,1,0,0.99994,1,6.03682e-05,0.0144884,
2022-06-06,6,stage13_vae_reconstruction,vae_prior,13,,reconstruction,track_purity,0.3,16564,1,16254,0,0.981285,1,0,0.99994,1,6.03682e-05,0.0187745,
2022-06-06,6,stage13_vae_reconstruction,vae_prior,13,,reconstruction,track_purity,0.4,16564,1,16170,0,0.976213,1,0,0.99994,1,6.03682e-05,0.0238455,
2022-06-06,6,stage13_vae_reconstruction,vae_prior,13,,reconstruction,track_purity,0.5,16564,1,16041,0,0.968426,1,0,0.99994,1,6.03682e-05,0.031633,
2022-06-06,6,stage13_vae_reconstruction,vae_prior,13,,reconstruction,track_purity,0.6,16564,1,15828,0,0.955566,1,0,0.99994,1,6.03682e-05,0.0444914,
2022-06-06,6,stage13_vae_reconstruction,vae_prior,13,,reconstruction,track_purity,0.7,16564,1,15430,0,0.931538,1,0,0.99994,1,6.03682e-05,0.068518,
2022-06-06,6,stage13_vae_reconstruction,vae_prior,13,,reconstruction,track_purity,0.8,16564,1,14592,0,0.880947,1,0,0.99994,1,6.03682e-05,0.119107,
2022-06-06,6,stage13_vae_reconstruction,vae_prior,13,,reconstruction,track_purity,0.9,16564,1,12552,0,0.757788,1,0,0.99994,1,6.03682e-05,0.242258,
2022-06-06,9,stage13_vae_reconstruction,vae_prior,13,,reconstruction,track_purity,0.1,13776,0,13605,0,0.987587,,,1,1,0,0.0124129,
2022-06-06,9,stage13_vae_reconstruction,vae_prior,13,,reconstruction,track_purity,0.2,13776,0,13554,0,0.983885,,,1,1,0,0.016115,
2022-06-06,9,stage13_vae_reconstruction,vae_prior,13,,reconstruction,track_purity,0.3,13776,0,13493,0,0.979457,,,1,1,0,0.020543,
2022-06-06,9,stage13_vae_reconstruction,vae_prior,13,,reconstruction,track_purity,0.4,13776,0,13403,0,0.972924,,,1,1,0,0.0270761,
2022-06-06,9,stage13_vae_reconstruction,vae_prior,13,,reconstruction,track_purity,0.5,13776,0,13303,0,0.965665,,,1,1,0,0.0343351,
2022-06-06,9,stage13_vae_reconstruction,vae_prior,13,,reconstruction,track_purity,0.6,13776,0,13132,0,0.953252,,,1,1,0,0.046748,
2022-06-06,9,stage13_vae_reconstruction,vae_prior,13,,reconstruction,track_purity,0.7,13776,0,12856,0,0.933217,,,1,1,0,0.0667828,
2022-06-06,9,stage13_vae_reconstruction,vae_prior,13,,reconstruction,track_purity,0.8,13776,0,12324,0,0.894599,,,1,1,0,0.105401,
2022-06-06,9,stage13_vae_reconstruction,vae_prior,13,,reconstruction,track_purity,0.9,13776,0,10993,0,0.797982,,,1,1,0,0.202018,
2022-06-06,12,stage13_vae_reconstruction,vae_prior,13,,reconstruction,track_purity,0.1,11244,0,11036,0,0.981501,,,1,1,0,0.0184988,
2022-06-06,12,stage13_vae_reconstruction,vae_prior,13,,reconstruction,track_purity,0.2,11244,0,11006,0,0.978833,,,1,1,0,0.0211668,
2022-06-06,12,stage13_vae_reconstruction,vae_prior,13,,reconstruction,track_purity,0.3,11244,0,10959,0,0.974653,,,1,1,0,0.0253469,
2022-06-06,12,stage13_vae_reconstruction,vae_prior,13,,reconstruction,track_purity,0.4,11244,0,10905,0,0.969851,,,1,1,0,0.0301494,
2022-06-06,12,stage13_vae_reconstruction,vae_prior,13,,reconstruction,track_purity,0.5,11244,0,10821,0,0.96238,,,1,1,0,0.0376201,
2022-06-06,12,stage13_vae_reconstruction,vae_prior,13,,reconstruction,track_purity,0.6,11244,0,10697,0,0.951352,,,1,1,0,0.0486482,
2022-06-06,12,stage13_vae_reconstruction,vae_prior,13,,reconstruction,track_purity,0.7,11244,0,10494,0,0.933298,,,1,1,0,0.0667022,
2022-06-06,12,stage13_vae_reconstruction,vae_prior,13,,reconstruction,track_purity,0.8,11244,0,10138,0,0.901636,,,1,1,0,0.0983636,
2022-06-06,12,stage13_vae_reconstruction,vae_prior,13,,reconstruction,track_purity,0.9,11244,0,9281,0,0.825418,,,1,1,0,0.174582,
